entity,reference,name,planning-data-reference,dataset,prefix,entry-date,start-date,end-date
26,local-authority:ADU,Adur District Council,ADU,local-authority,local-authority,2025-02-19,,
27,local-authority:ALL,Allerdale Borough Council,ALL,local-authority,local-authority,2025-02-19,,2023-03-31
28,local-authority:AMB,Amber Valley Borough Council,AMB,local-authority,local-authority,2025-02-19,,
29,local-authority:ARU,Arun District Council,ARU,local-authority,local-authority,2025-02-19,,
30,local-authority:ASF,Ashford Borough Council,ASF,local-authority,local-authority,2025-02-19,,
31,local-authority:ASH,Ashfield District Council,ASH,local-authority,local-authority,2025-02-19,,
32,local-authority:AYL,Aylesbury Vale District Council,AYL,local-authority,local-authority,2025-02-19,,2020-03-31
33,local-authority:BAB,Babergh District Council,BAB,local-authority,local-authority,2025-02-19,,
34,local-authority:BAE,Bassetlaw District Council,BAE,local-authority,local-authority,2025-02-19,,
35,local-authority:BAI,Basildon Borough Council,BAI,local-authority,local-authority,2025-02-19,,
36,local-authority:BAN,Basingstoke and Deane Borough Council,BAN,local-authority,local-authority,2025-02-19,,
37,local-authority:BAR,Barrow-in-Furness Borough Council,BAR,local-authority,local-authority,2025-02-19,,2023-03-31
38,local-authority:BAS,Bath and North East Somerset Council,BAS,local-authority,local-authority,2025-02-19,1996-04-01,
39,local-authority:BBD,Blackburn with Darwen Borough Council,BBD,local-authority,local-authority,2025-02-19,1998-04-01,
40,local-authority:BDF,Bedford Borough Council,BDF,local-authority,local-authority,2025-02-19,2009-04-01,
41,local-authority:BDG,London Borough of Barking and Dagenham,BDG,local-authority,local-authority,2025-02-19,,
42,local-authority:BEN,London Borough of Brent,BEN,local-authority,local-authority,2025-02-19,,
43,local-authority:BEX,London Borough of Bexley,BEX,local-authority,local-authority,2025-02-19,,
44,local-authority:BIR,Birmingham City Council,BIR,local-authority,local-authority,2025-02-19,1986-07-01,
45,local-authority:BKM,Buckinghamshire County Council,BKM,local-authority,local-authority,2025-02-19,1905-06-19,2020-03-31
46,local-authority:BLA,Blaby District Council,BLA,local-authority,local-authority,2025-02-19,,
47,local-authority:BMH,Bournemouth Borough Council,BMH,local-authority,local-authority,2025-02-19,1905-06-19,2019-03-31
48,local-authority:BNE,London Borough of Barnet,BNE,local-authority,local-authority,2025-02-19,,
49,local-authority:BNH,Brighton and Hove City Council,BNH,local-authority,local-authority,2025-02-19,1905-06-19,
50,local-authority:BNS,Barnsley Metropolitan Borough Council,BNS,local-authority,local-authority,2025-02-19,1974-04-01,
51,local-authority:BOL,Bolton Metropolitan Borough Council,BOL,local-authority,local-authority,2025-02-19,1974-04-01,
52,local-authority:BOS,Bolsover District Council,BOS,local-authority,local-authority,2025-02-19,,
53,local-authority:BOT,Boston Borough Council,BOT,local-authority,local-authority,2025-02-19,,
54,local-authority:BPC,"Bournemouth, Christchurch and Poole Council",BPC,local-authority,local-authority,2025-02-19,2019-04-01,
55,local-authority:BPL,Blackpool Borough Council,BPL,local-authority,local-authority,2025-02-19,1905-06-20,
56,local-authority:BRA,Braintree District Council,BRA,local-authority,local-authority,2025-02-19,,
57,local-authority:BRC,Bracknell Forest Council,BRC,local-authority,local-authority,2025-02-19,1998-04-01,
58,local-authority:BRD,City of Bradford Metropolitan District Council,BRD,local-authority,local-authority,2025-02-19,1974-04-01,
59,local-authority:BRE,Breckland District Council,BRE,local-authority,local-authority,2025-02-19,,
60,local-authority:BRM,Bromsgrove District Council,BRM,local-authority,local-authority,2025-02-19,,
61,local-authority:BRO,Broadland District Council,BRO,local-authority,local-authority,2025-02-19,,
62,local-authority:BRT,Broxtowe Borough Council,BRT,local-authority,local-authority,2025-02-19,,
63,local-authority:BRW,Brentwood Borough Council,BRW,local-authority,local-authority,2025-02-19,,
64,local-authority:BRX,Broxbourne Borough Council,BRX,local-authority,local-authority,2025-02-19,,
65,local-authority:BRY,London Borough of Bromley,BRY,local-authority,local-authority,2025-02-19,,
66,local-authority:BST,Bristol City Council,BST,local-authority,local-authority,2025-02-19,1905-06-18,
67,local-authority:BUC,Buckinghamshire Council,BUC,local-authority,local-authority,2025-02-19,2020-04-01,
68,local-authority:BUN,Burnley Borough Council,BUN,local-authority,local-authority,2025-02-19,,
69,local-authority:BUR,Bury Metropolitan Borough Council,BUR,local-authority,local-authority,2025-02-19,1974-04-01,
70,local-authority:CAB,Cambridge City Council,CAB,local-authority,local-authority,2025-02-19,,
71,local-authority:CAM,Cambridgeshire County Council,CAM,local-authority,local-authority,2025-02-19,,
72,local-authority:CAN,Cannock Chase District Council,CAN,local-authority,local-authority,2025-02-19,,
73,local-authority:CAR,Carlisle City Council,CAR,local-authority,local-authority,2025-02-19,,2023-03-31
74,local-authority:CAS,Castle Point Borough Council,CAS,local-authority,local-authority,2025-02-19,,
75,local-authority:CAT,Canterbury City Council,CAT,local-authority,local-authority,2025-02-19,,
76,local-authority:CBF,Central Bedfordshire Council,CBF,local-authority,local-authority,2025-02-19,2009-04-01,
77,local-authority:CHA,Charnwood Borough Council,CHA,local-authority,local-authority,2025-02-19,,
78,local-authority:CHC,Christchurch Borough Council,CHC,local-authority,local-authority,2025-02-19,,2019-03-31
79,local-authority:CHE,Cheshire East Council,CHE,local-authority,local-authority,2025-02-19,2009-04-01,
80,local-authority:CHI,Chichester District Council,CHI,local-authority,local-authority,2025-02-19,1974-04-01,
81,local-authority:CHL,Chelmsford City Council,CHL,local-authority,local-authority,2025-02-19,,
82,local-authority:CHN,Chiltern District Council,CHN,local-authority,local-authority,2025-02-19,,2020-03-31
83,local-authority:CHO,Chorley Borough Council,CHO,local-authority,local-authority,2025-02-19,,
84,local-authority:CHR,Cherwell District Council,CHR,local-authority,local-authority,2025-02-19,,
85,local-authority:CHS,Chesterfield Borough Council,CHS,local-authority,local-authority,2025-02-19,,
86,local-authority:CHT,Cheltenham Borough Council,CHT,local-authority,local-authority,2025-02-19,,
87,local-authority:CHW,Cheshire West and Chester Council,CHW,local-authority,local-authority,2025-02-19,2009-04-01,
88,local-authority:CLD,Calderdale Metropolitan Borough Council,CLD,local-authority,local-authority,2025-02-19,1974-04-01,
89,local-authority:CMA,Cumbria County Council,CMA,local-authority,local-authority,2025-02-19,,2023-04-01
90,local-authority:CMD,London Borough of Camden,CMD,local-authority,local-authority,2025-02-19,,
91,local-authority:COL,Colchester City Council,COL,local-authority,local-authority,2025-02-19,,
92,local-authority:CON,Cornwall Council,CON,local-authority,local-authority,2025-02-19,2009-04-01,
93,local-authority:COP,Copeland Borough Council,COP,local-authority,local-authority,2025-02-19,,2023-03-31
94,local-authority:COR,Corby Borough Council,COR,local-authority,local-authority,2025-02-19,1974-04-01,2021-03-31
95,local-authority:COT,Cotswold District Council,COT,local-authority,local-authority,2025-02-19,,
96,local-authority:COV,Coventry City Council,COV,local-authority,local-authority,2025-02-19,1974-04-01,
97,local-authority:CPCA,Cambridgeshire and Peterborough Combined Authority,CPCA,local-authority,local-authority,2025-02-19,2014-04-01,
98,local-authority:CRA,Craven District Council,CRA,local-authority,local-authority,2025-02-19,,2023-03-31
99,local-authority:CRW,Crawley Borough Council,CRW,local-authority,local-authority,2025-02-19,1974-04-01,
100,local-authority:CRY,London Borough of Croydon,CRY,local-authority,local-authority,2025-02-19,1965-04-01,
101,local-authority:DAC,Dacorum Borough Council,DAC,local-authority,local-authority,2025-02-19,,
102,local-authority:DAL,Darlington Borough Council,DAL,local-authority,local-authority,2025-02-19,1997-04-01,
103,local-authority:DAR,Dartford Borough Council,DAR,local-authority,local-authority,2025-02-19,,
104,local-authority:DAV,Daventry District Council,DAV,local-authority,local-authority,2025-02-19,1974-04-01,2021-03-31
105,local-authority:DBY,Derbyshire County Council,DBY,local-authority,local-authority,2025-02-19,,
106,local-authority:DEB,Derbyshire Dales District Council,DEB,local-authority,local-authority,2025-02-19,,
107,local-authority:DER,Derby City Council,DER,local-authority,local-authority,2025-02-19,,
108,local-authority:DEV,Devon County Council,DEV,local-authority,local-authority,2025-02-19,,
109,local-authority:DNC,Doncaster Metropolitan Borough Council,DNC,local-authority,local-authority,2025-02-19,1974-04-01,
110,local-authority:DOR,Dorset County Council,DOR,local-authority,local-authority,2025-02-19,,2019-03-31
111,local-authority:DOV,Dover District Council,DOV,local-authority,local-authority,2025-02-19,,
112,local-authority:DST,Dorset Council,DST,local-authority,local-authority,2025-02-19,2019-04-01,
113,local-authority:DUD,Dudley Metropolitan Borough Council,DUD,local-authority,local-authority,2025-02-19,1974-04-01,
114,local-authority:DUR,Durham County Council,DUR,local-authority,local-authority,2025-02-19,2009-04-01,
115,local-authority:EAL,London Borough of Ealing,EAL,local-authority,local-authority,2025-02-19,,
116,local-authority:EAS,Eastbourne Borough Council,EAS,local-authority,local-authority,2025-02-19,,
117,local-authority:EAT,Eastleigh Borough Council,EAT,local-authority,local-authority,2025-02-19,,
118,local-authority:ECA,East Cambridgeshire District Council,ECA,local-authority,local-authority,2025-02-19,,
119,local-authority:EDE,East Devon District Council,EDE,local-authority,local-authority,2025-02-19,,
120,local-authority:EDN,Eden District Council,EDN,local-authority,local-authority,2025-02-19,,2023-03-31
121,local-authority:EDO,East Dorset District Council,EDO,local-authority,local-authority,2025-02-19,1974-04-01,2019-03-31
122,local-authority:EHA,East Hampshire District Council,EHA,local-authority,local-authority,2025-02-19,,
123,local-authority:EHE,East Hertfordshire District Council,EHE,local-authority,local-authority,2025-02-19,,
124,local-authority:ELI,East Lindsey District Council,ELI,local-authority,local-authority,2025-02-19,,
125,local-authority:ELM,Elmbridge Borough Council,ELM,local-authority,local-authority,2025-02-19,,
126,local-authority:ENF,London Borough of Enfield,ENF,local-authority,local-authority,2025-02-19,1965-04-01,
127,local-authority:ENO,East Northamptonshire Council,ENO,local-authority,local-authority,2025-02-19,1974-04-01,2021-03-31
128,local-authority:EPP,Epping Forest District Council,EPP,local-authority,local-authority,2025-02-19,,
129,local-authority:EPS,Epsom and Ewell Borough Council,EPS,local-authority,local-authority,2025-02-19,,
130,local-authority:ERE,Erewash Borough Council,ERE,local-authority,local-authority,2025-02-19,,
131,local-authority:ERY,East Riding of Yorkshire Council,ERY,local-authority,local-authority,2025-02-19,1996-04-01,
132,local-authority:ESK,East Suffolk Council,ESK,local-authority,local-authority,2025-02-19,2019-04-01,
133,local-authority:ESS,Essex County Council,ESS,local-authority,local-authority,2025-02-19,,
134,local-authority:EST,East Staffordshire Borough Council,EST,local-authority,local-authority,2025-02-19,,
135,local-authority:ESX,East Sussex County Council,ESX,local-authority,local-authority,2025-02-19,,
136,local-authority:EXE,Exeter City Council,EXE,local-authority,local-authority,2025-02-19,,
137,local-authority:FAR,Fareham Borough Council,FAR,local-authority,local-authority,2025-02-19,,
138,local-authority:FEN,Fenland District Council,FEN,local-authority,local-authority,2025-02-19,,
139,local-authority:FOE,Forest of Dean District Council,FOE,local-authority,local-authority,2025-02-19,,
140,local-authority:FOR,Forest Heath District Council,FOR,local-authority,local-authority,2025-02-19,1974-04-01,2019-03-31
141,local-authority:FYL,Fylde Borough Council,FYL,local-authority,local-authority,2025-02-19,,
142,local-authority:GAT,Gateshead Metropolitan Borough Council,GAT,local-authority,local-authority,2025-02-19,1974-04-01,
143,local-authority:GED,Gedling Borough Council,GED,local-authority,local-authority,2025-02-19,,
144,local-authority:GLA,Greater London Authority,GLA,local-authority,local-authority,2025-02-19,1905-06-22,
145,local-authority:GLO,Gloucester City Council,GLO,local-authority,local-authority,2025-02-19,,
146,local-authority:GLS,Gloucestershire County Council,GLS,local-authority,local-authority,2025-02-19,,
147,local-authority:GMCA,Greater Manchester Combined Authority,GMCA,local-authority,local-authority,2025-02-19,2014-04-01,
148,local-authority:GOS,Gosport Borough Council,GOS,local-authority,local-authority,2025-02-19,,
149,local-authority:GRA,Gravesham Borough Council,GRA,local-authority,local-authority,2025-02-19,,
150,local-authority:GRE,Royal Borough of Greenwich,GRE,local-authority,local-authority,2025-02-19,,
151,local-authority:GRT,Guildford Borough Council,GRT,local-authority,local-authority,2025-02-19,,
152,local-authority:GRY,Great Yarmouth Borough Council,GRY,local-authority,local-authority,2025-02-19,,
153,local-authority:HAA,Havant Borough Council,HAA,local-authority,local-authority,2025-02-19,,
154,local-authority:HAE,Hambleton District Council,HAE,local-authority,local-authority,2025-02-19,,2023-03-31
155,local-authority:HAG,Harrogate Borough Council,HAG,local-authority,local-authority,2025-02-19,,2023-03-31
156,local-authority:HAL,Halton Borough Council,HAL,local-authority,local-authority,2025-02-19,1998-04-01,
157,local-authority:HAM,Hampshire County Council,HAM,local-authority,local-authority,2025-02-19,,
158,local-authority:HAO,Harborough District Council,HAO,local-authority,local-authority,2025-02-19,,
159,local-authority:HAR,Harlow District Council,HAR,local-authority,local-authority,2025-02-19,,
160,local-authority:HAS,Hastings Borough Council,HAS,local-authority,local-authority,2025-02-19,,
161,local-authority:HAT,Hart District Council,HAT,local-authority,local-authority,2025-02-19,,
162,local-authority:HAV,London Borough of Havering,HAV,local-authority,local-authority,2025-02-19,,
163,local-authority:HCK,London Borough of Hackney,HCK,local-authority,local-authority,2025-02-19,,
164,local-authority:HEF,Herefordshire Council,HEF,local-authority,local-authority,2025-02-19,1998-04-01,
165,local-authority:HER,Hertsmere Borough Council,HER,local-authority,local-authority,2025-02-19,,
166,local-authority:HIG,High Peak Borough Council,HIG,local-authority,local-authority,2025-02-19,,
167,local-authority:HIL,London Borough of Hillingdon,HIL,local-authority,local-authority,2025-02-19,,
168,local-authority:HIN,Hinckley and Bosworth Borough Council,HIN,local-authority,local-authority,2025-02-19,,
169,local-authority:HMF,London Borough of Hammersmith & Fulham,HMF,local-authority,local-authority,2025-02-19,,
170,local-authority:HNS,London Borough of Hounslow,HNS,local-authority,local-authority,2025-02-19,,
171,local-authority:HOR,Horsham District Council,HOR,local-authority,local-authority,2025-02-19,1974-04-01,
172,local-authority:HPL,Hartlepool Borough Council,HPL,local-authority,local-authority,2025-02-19,1905-06-18,
173,local-authority:HRT,Hertfordshire County Council,HRT,local-authority,local-authority,2025-02-19,,
174,local-authority:HRW,London Borough of Harrow,HRW,local-authority,local-authority,2025-02-19,,
175,local-authority:HRY,London Borough of Haringey,HRY,local-authority,local-authority,2025-02-19,1965-04-01,
176,local-authority:HUN,Huntingdonshire District Council,HUN,local-authority,local-authority,2025-02-19,,
177,local-authority:HYN,Hyndburn Borough Council,HYN,local-authority,local-authority,2025-02-19,,
178,local-authority:IOS,Council of the Isles of Scilly,IOS,local-authority,local-authority,2025-02-19,1974-04-01,
179,local-authority:IOW,Isle of Wight Council,IOW,local-authority,local-authority,2025-02-19,1905-06-17,
180,local-authority:IPS,Ipswich Borough Council,IPS,local-authority,local-authority,2025-02-19,,
181,local-authority:ISL,London Borough of Islington,ISL,local-authority,local-authority,2025-02-19,,
182,local-authority:KEC,Royal Borough of Kensington and Chelsea,KEC,local-authority,local-authority,2025-02-19,,
183,local-authority:KEN,Kent County Council,KEN,local-authority,local-authority,2025-02-19,,
184,local-authority:KET,Kettering Borough Council,KET,local-authority,local-authority,2025-02-19,1974-04-01,2021-03-31
185,local-authority:KHL,Hull City Council,KHL,local-authority,local-authority,2025-02-19,1996-04-01,
186,local-authority:KIN,Borough Council of King's Lynn and West Norfolk,KIN,local-authority,local-authority,2025-02-19,,
187,local-authority:KIR,Kirklees Council,KIR,local-authority,local-authority,2025-02-19,1974-04-01,
188,local-authority:KTT,Royal Borough of Kingston upon Thames,KTT,local-authority,local-authority,2025-02-19,,
189,local-authority:KWL,Knowsley Metropolitan Borough Council,KWL,local-authority,local-authority,2025-02-19,1974-04-01,
190,local-authority:LAC,Lancaster City Council,LAC,local-authority,local-authority,2025-02-19,,
191,local-authority:LAN,Lancashire County Council,LAN,local-authority,local-authority,2025-02-19,,
192,local-authority:LBH,London Borough of Lambeth,LBH,local-authority,local-authority,2025-02-19,,
193,local-authority:LCE,Leicester City Council,LCE,local-authority,local-authority,2025-02-19,1905-06-19,
194,local-authority:LCR,Liverpool City Region,LCR,local-authority,local-authority,2025-02-19,2014-04-01,
195,local-authority:LDS,Leeds City Council,LDS,local-authority,local-authority,2025-02-19,1905-06-08,
196,local-authority:LEC,Leicestershire County Council,LEC,local-authority,local-authority,2025-02-19,1889-01-01,
197,local-authority:LEE,Lewes District Council,LEE,local-authority,local-authority,2025-02-19,,
198,local-authority:LEW,London Borough of Lewisham,LEW,local-authority,local-authority,2025-02-19,,
199,local-authority:LIC,City of Lincoln Council,LIC,local-authority,local-authority,2025-02-19,,
200,local-authority:LIF,Lichfield District Council,LIF,local-authority,local-authority,2025-02-19,,
201,local-authority:LIN,Lincolnshire County Council,LIN,local-authority,local-authority,2025-02-19,,
202,local-authority:LIV,Liverpool City Council,LIV,local-authority,local-authority,2025-02-19,1905-06-08,
203,local-authority:LND,City of London Corporation,LND,local-authority,local-authority,2025-02-19,1905-06-28,
204,local-authority:LUT,Luton Borough Council,LUT,local-authority,local-authority,2025-02-19,1905-06-19,
205,local-authority:MAI,Maidstone Borough Council,MAI,local-authority,local-authority,2025-02-19,,
206,local-authority:MAL,Maldon District Council,MAL,local-authority,local-authority,2025-02-19,,
207,local-authority:MAN,Manchester City Council,MAN,local-authority,local-authority,2025-02-19,1974-04-01,
208,local-authority:MAS,Mansfield District Council,MAS,local-authority,local-authority,2025-02-19,,
209,local-authority:MAV,Malvern Hills District Council,MAV,local-authority,local-authority,2025-02-19,,
210,local-authority:MDB,Middlesbrough Borough Council,MDB,local-authority,local-authority,2025-02-19,1905-06-18,
211,local-authority:MDE,Mid Devon District Council,MDE,local-authority,local-authority,2025-02-19,,
212,local-authority:MDW,Medway Council,MDW,local-authority,local-authority,2025-02-19,1998-04-01,
213,local-authority:MEL,Melton Borough Council,MEL,local-authority,local-authority,2025-02-19,,
214,local-authority:MEN,Mendip District Council,MEN,local-authority,local-authority,2025-02-19,,2023-03-31
215,local-authority:MIK,Milton Keynes City Council,MIK,local-authority,local-authority,2025-02-19,1905-06-19,
216,local-authority:MOL,Mole Valley District Council,MOL,local-authority,local-authority,2025-02-19,,
217,local-authority:MRT,London Borough of Merton,MRT,local-authority,local-authority,2025-02-19,,
218,local-authority:MSS,Mid Sussex District Council,MSS,local-authority,local-authority,2025-02-19,1974-04-01,
219,local-authority:MSU,Mid Suffolk District Council,MSU,local-authority,local-authority,2025-02-19,,
220,local-authority:NBL,Northumberland County Council,NBL,local-authority,local-authority,2025-02-19,2009-04-01,
221,local-authority:NDE,North Devon District Council,NDE,local-authority,local-authority,2025-02-19,,
222,local-authority:NDO,North Dorset District Council,NDO,local-authority,local-authority,2025-02-19,,2019-03-31
223,local-authority:NEA,Newark and Sherwood District Council,NEA,local-authority,local-authority,2025-02-19,,
224,local-authority:NEC,Newcastle-under-Lyme Borough Council,NEC,local-authority,local-authority,2025-02-19,,
225,local-authority:NECA,North East Combined Authority,NECA,local-authority,local-authority,2025-02-19,2014-04-15,2024-05-06
226,local-authority:NED,North East Derbyshire District Council,NED,local-authority,local-authority,2025-02-19,,
227,local-authority:NEL,North East Lincolnshire Council,NEL,local-authority,local-authority,2025-02-19,1996-04-01,
228,local-authority:NET,Newcastle City Council,NET,local-authority,local-authority,2025-02-19,1974-04-01,
229,local-authority:NEW,New Forest District Council,NEW,local-authority,local-authority,2025-02-19,,
230,local-authority:NFK,Norfolk County Council,NFK,local-authority,local-authority,2025-02-19,,
231,local-authority:NGM,Nottingham City Council,NGM,local-authority,local-authority,2025-02-19,1905-06-20,
232,local-authority:NHE,North Hertfordshire District Council,NHE,local-authority,local-authority,2025-02-19,,
233,local-authority:NKE,North Kesteven District Council,NKE,local-authority,local-authority,2025-02-19,,
234,local-authority:NLN,North Lincolnshire Council,NLN,local-authority,local-authority,2025-02-19,1996-04-01,
235,local-authority:NNO,North Norfolk District Council,NNO,local-authority,local-authority,2025-02-19,,
236,local-authority:NOR,Northampton Borough Council,NOR,local-authority,local-authority,2025-02-19,1974-04-01,2020-03-31
237,local-authority:NOW,Norwich City Council,NOW,local-authority,local-authority,2025-02-19,,
238,local-authority:NSM,North Somerset Council,NSM,local-authority,local-authority,2025-02-19,1996-04-01,
239,local-authority:NTCA,North of Tyne Combined Authority,NTCA,local-authority,local-authority,2025-02-19,2018-11-02,2024-05-07
240,local-authority:NTH,Northamptonshire County Council,NTH,local-authority,local-authority,2025-02-19,1974-04-01,2021-03-31
241,local-authority:NTT,Nottinghamshire County Council,NTT,local-authority,local-authority,2025-02-19,1937-01-01,
242,local-authority:NTY,North Tyneside Council,NTY,local-authority,local-authority,2025-02-19,1974-04-01,
243,local-authority:NUN,Nuneaton and Bedworth Borough Council,NUN,local-authority,local-authority,2025-02-19,,
244,local-authority:NWA,North Warwickshire Borough Council,NWA,local-authority,local-authority,2025-02-19,,
245,local-authority:NWL,North West Leicestershire District Council,NWL,local-authority,local-authority,2025-02-19,,
246,local-authority:NWM,London Borough of Newham,NWM,local-authority,local-authority,2025-02-19,,
247,local-authority:NYK,North Yorkshire County Council,NYK,local-authority,local-authority,2025-02-19,,2023-03-31
248,local-authority:OAD,Oadby and Wigston Borough Council,OAD,local-authority,local-authority,2025-02-19,,
249,local-authority:OLD,Oldham Metropolitan Borough Council,OLD,local-authority,local-authority,2025-02-19,1905-06-07,
250,local-authority:OXF,Oxfordshire County Council,OXF,local-authority,local-authority,2025-02-19,,
251,local-authority:OXO,Oxford City Council,OXO,local-authority,local-authority,2025-02-19,,
252,local-authority:PEN,Pendle Borough Council,PEN,local-authority,local-authority,2025-02-19,,
253,local-authority:PLY,Plymouth City Council,PLY,local-authority,local-authority,2025-02-19,1998-04-01,
254,local-authority:POL,Borough of Poole,POL,local-authority,local-authority,2025-02-19,1997-04-01,2019-03-31
255,local-authority:POR,Portsmouth City Council,POR,local-authority,local-authority,2025-02-19,1905-06-20,
256,local-authority:PRE,Preston City Council,PRE,local-authority,local-authority,2025-02-19,,
257,local-authority:PTE,Peterborough City Council,PTE,local-authority,local-authority,2025-02-19,1905-06-20,
258,local-authority:PUR,Purbeck District Council,PUR,local-authority,local-authority,2025-02-19,,2019-03-31
259,local-authority:RCC,Redcar and Cleveland Borough Council,RCC,local-authority,local-authority,2025-02-19,1996-04-01,
260,local-authority:RCH,Rochdale Metropolitan Borough Council,RCH,local-authority,local-authority,2025-02-19,1905-05-27,
261,local-authority:RDB,London Borough of Redbridge,RDB,local-authority,local-authority,2025-02-19,,
262,local-authority:RDG,Reading Borough Council,RDG,local-authority,local-authority,2025-02-19,1905-05-27,
263,local-authority:RED,Redditch Borough Council,RED,local-authority,local-authority,2025-02-19,,
264,local-authority:REI,Reigate and Banstead Borough Council,REI,local-authority,local-authority,2025-02-19,,
265,local-authority:RIB,Ribble Valley Borough Council,RIB,local-authority,local-authority,2025-02-19,,
266,local-authority:RIC,London Borough of Richmond upon Thames,RIC,local-authority,local-authority,2025-02-19,,
267,local-authority:RIH,Richmondshire District Council,RIH,local-authority,local-authority,2025-02-19,,2023-03-31
268,local-authority:ROC,Rochford District Council,ROC,local-authority,local-authority,2025-02-19,,
269,local-authority:ROH,Rother District Council,ROH,local-authority,local-authority,2025-02-19,,
270,local-authority:ROS,Rossendale Borough Council,ROS,local-authority,local-authority,2025-02-19,,
271,local-authority:ROT,Rotherham Metropolitan Borough Council,ROT,local-authority,local-authority,2025-02-19,1905-05-27,
272,local-authority:RUG,Rugby Borough Council,RUG,local-authority,local-authority,2025-02-19,,
273,local-authority:RUH,Rushmoor Borough Council,RUH,local-authority,local-authority,2025-02-19,,
274,local-authority:RUN,Runnymede Borough Council,RUN,local-authority,local-authority,2025-02-19,,
275,local-authority:RUS,Rushcliffe Borough Council,RUS,local-authority,local-authority,2025-02-19,,
276,local-authority:RUT,Rutland County Council,RUT,local-authority,local-authority,2025-02-19,1997-04-01,
277,local-authority:RYE,Ryedale District Council,RYE,local-authority,local-authority,2025-02-19,,2023-03-31
278,local-authority:SAL,St Albans City and District Council,SAL,local-authority,local-authority,2025-02-19,1974-04-01,
279,local-authority:SAW,Sandwell Metropolitan Borough Council,SAW,local-authority,local-authority,2025-02-19,1905-06-07,
280,local-authority:SBU,South Bucks District Council,SBU,local-authority,local-authority,2025-02-19,,2020-03-31
281,local-authority:SCA,South Cambridgeshire District Council,SCA,local-authority,local-authority,2025-02-19,,
282,local-authority:SCE,Scarborough Borough Council,SCE,local-authority,local-authority,2025-02-19,,2023-03-31
283,local-authority:SYMCA,South Yorkshire Mayoral Combined Authority,SYMCA,local-authority,local-authority,2025-02-19,2018-05-03,
284,local-authority:SDE,South Derbyshire District Council,SDE,local-authority,local-authority,2025-02-19,,
285,local-authority:SED,St Edmundsbury Borough Council,SED,local-authority,local-authority,2025-02-19,,2019-03-31
286,local-authority:SEG,Sedgemoor District Council,SEG,local-authority,local-authority,2025-02-19,,2023-03-31
287,local-authority:SEL,Selby District Council,SEL,local-authority,local-authority,2025-02-19,,2023-03-31
288,local-authority:SEV,Sevenoaks District Council,SEV,local-authority,local-authority,2025-02-19,,
289,local-authority:SFK,Suffolk County Council,SFK,local-authority,local-authority,2025-02-19,,
290,local-authority:SFT,Sefton Metropolitan Borough Council,SFT,local-authority,local-authority,2025-02-19,1905-06-08,
291,local-authority:SGC,South Gloucestershire Council,SGC,local-authority,local-authority,2025-02-19,1905-06-18,
292,local-authority:SHA,South Hams District Council,SHA,local-authority,local-authority,2025-02-19,,
293,local-authority:SHE,Folkestone and Hythe Council,SHE,local-authority,local-authority,2025-02-19,,
294,local-authority:SHF,Sheffield City Council,SHF,local-authority,local-authority,2025-02-19,1905-06-08,
295,local-authority:SHN,St Helens Council,SHN,local-authority,local-authority,2025-02-19,1905-06-08,
296,local-authority:SHO,South Holland District Council,SHO,local-authority,local-authority,2025-02-19,,
297,local-authority:SHR,Shropshire Council,SHR,local-authority,local-authority,2025-02-19,2009-04-01,
298,local-authority:SKE,South Kesteven District Council,SKE,local-authority,local-authority,2025-02-19,,
299,local-authority:SKP,Stockport Metropolitan Borough Council,SKP,local-authority,local-authority,2025-02-19,1905-05-27,
300,local-authority:SLA,South Lakeland District Council,SLA,local-authority,local-authority,2025-02-19,,2023-03-31
301,local-authority:SLF,Salford City Council,SLF,local-authority,local-authority,2025-02-19,1905-05-27,
302,local-authority:SLG,Slough Borough Council,SLG,local-authority,local-authority,2025-02-19,1998-04-01,
303,local-authority:SND,Sunderland City Council,SND,local-authority,local-authority,2025-02-19,1905-05-27,
304,local-authority:SNO,South Norfolk District Council,SNO,local-authority,local-authority,2025-02-19,,
305,local-authority:SNR,South Northamptonshire Council,SNR,local-authority,local-authority,2025-02-19,1974-04-01,2021-03-31
306,local-authority:SOL,Solihull Metropolitan Borough Council,SOL,local-authority,local-authority,2025-02-19,1905-05-27,
307,local-authority:SOM,Somerset County Council,SOM,local-authority,local-authority,2025-02-19,,2023-03-31
308,local-authority:SOS,Southend-on-Sea Borough Council,SOS,local-authority,local-authority,2025-02-19,1905-06-20,
309,local-authority:SOX,South Oxfordshire District Council,SOX,local-authority,local-authority,2025-02-19,,
310,local-authority:SPE,Spelthorne Borough Council,SPE,local-authority,local-authority,2025-02-19,,
311,local-authority:SRI,South Ribble Borough Council,SRI,local-authority,local-authority,2025-02-19,,
312,local-authority:SRY,Surrey County Council,SRY,local-authority,local-authority,2025-02-19,,
313,local-authority:SSO,South Somerset District Council,SSO,local-authority,local-authority,2025-02-19,,2023-03-31
314,local-authority:SST,South Staffordshire Council,SST,local-authority,local-authority,2025-02-19,,
315,local-authority:STA,Stafford Borough Council,STA,local-authority,local-authority,2025-02-19,,
316,local-authority:STE,Stoke-on-Trent City Council,STE,local-authority,local-authority,2025-02-19,1905-06-20,
317,local-authority:STF,Staffordshire Moorlands District Council,STF,local-authority,local-authority,2025-02-19,,
318,local-authority:STH,Southampton City Council,STH,local-authority,local-authority,2025-02-19,1905-06-19,
319,local-authority:STN,London Borough of Sutton,STN,local-authority,local-authority,2025-02-19,,
320,local-authority:STO,Stroud District Council,STO,local-authority,local-authority,2025-02-19,,
321,local-authority:STR,Stratford-on-Avon District Council,STR,local-authority,local-authority,2025-02-19,,
322,local-authority:STS,Staffordshire County Council,STS,local-authority,local-authority,2025-02-19,,
323,local-authority:STT,Stockton-on-Tees Borough Council,STT,local-authority,local-authority,2025-02-19,1905-06-18,
324,local-authority:STV,Stevenage Borough Council,STV,local-authority,local-authority,2025-02-19,,
325,local-authority:STY,South Tyneside Council,STY,local-authority,local-authority,2025-02-19,1974-04-01,
326,local-authority:SUF,Suffolk Coastal District Council,SUF,local-authority,local-authority,2025-02-19,,2019-03-31
327,local-authority:SUR,Surrey Heath Borough Council,SUR,local-authority,local-authority,2025-02-19,,
328,local-authority:SWD,Swindon Borough Council,SWD,local-authority,local-authority,2025-02-19,1905-06-20,
329,local-authority:SWK,London Borough of Southwark,SWK,local-authority,local-authority,2025-02-19,,
330,local-authority:SWL,Swale Borough Council,SWL,local-authority,local-authority,2025-02-19,,
331,local-authority:SWT,Somerset West and Taunton Council,SWT,local-authority,local-authority,2025-02-19,2019-04-01,2023-03-31
332,local-authority:TAM,Tameside Metropolitan Borough Council,TAM,local-authority,local-authority,2025-02-19,1974-04-01,
333,local-authority:TAN,Tandridge District Council,TAN,local-authority,local-authority,2025-02-19,,
334,local-authority:TAU,Taunton Deane Borough Council,TAU,local-authority,local-authority,2025-02-19,,2019-03-31
335,local-authority:TAW,Tamworth Borough Council,TAW,local-authority,local-authority,2025-02-19,,
336,local-authority:TEI,Teignbridge District Council,TEI,local-authority,local-authority,2025-02-19,,
337,local-authority:TEN,Tendring District Council,TEN,local-authority,local-authority,2025-02-19,,
338,local-authority:TES,Test Valley Borough Council,TES,local-authority,local-authority,2025-02-19,,
339,local-authority:TEW,Tewkesbury Borough Council,TEW,local-authority,local-authority,2025-02-19,,
340,local-authority:TFW,Telford & Wrekin Council,TFW,local-authority,local-authority,2025-02-19,1905-06-20,
341,local-authority:THA,Thanet District Council,THA,local-authority,local-authority,2025-02-19,,
342,local-authority:THE,Three Rivers District Council,THE,local-authority,local-authority,2025-02-19,1974-04-01,
343,local-authority:THR,Thurrock Council,THR,local-authority,local-authority,2025-02-19,1905-06-20,
344,local-authority:TOB,Torbay Council,TOB,local-authority,local-authority,2025-02-19,1905-06-20,
345,local-authority:TON,Tonbridge and Malling Borough Council,TON,local-authority,local-authority,2025-02-19,,
346,local-authority:TOR,Torridge District Council,TOR,local-authority,local-authority,2025-02-19,,
347,local-authority:TRF,Trafford Metropolitan Borough Council,TRF,local-authority,local-authority,2025-02-19,1974-04-01,
348,local-authority:TUN,Tunbridge Wells Borough Council,TUN,local-authority,local-authority,2025-02-19,,
349,local-authority:TVCA,Tees Valley Combined Authority,TVCA,local-authority,local-authority,2025-02-19,2014-04-01,
350,local-authority:TWH,London Borough of Tower Hamlets,TWH,local-authority,local-authority,2025-02-19,,
351,local-authority:UTT,Uttlesford District Council,UTT,local-authority,local-authority,2025-02-19,,
352,local-authority:VAL,Vale of White Horse District Council,VAL,local-authority,local-authority,2025-02-19,,
353,local-authority:WAE,Waverley Borough Council,WAE,local-authority,local-authority,2025-02-19,,
354,local-authority:WAR,Warwickshire County Council,WAR,local-authority,local-authority,2025-02-19,,
355,local-authority:WAT,Watford Borough Council,WAT,local-authority,local-authority,2025-02-19,,
356,local-authority:WAV,Waveney District Council,WAV,local-authority,local-authority,2025-02-19,,2019-03-31
357,local-authority:WAW,Warwick District Council,WAW,local-authority,local-authority,2025-02-19,,
358,local-authority:WBK,West Berkshire Council,WBK,local-authority,local-authority,2025-02-19,1905-06-20,
359,local-authority:WDE,West Devon Borough Council,WDE,local-authority,local-authority,2025-02-19,,
360,local-authority:WDO,West Dorset District Council,WDO,local-authority,local-authority,2025-02-19,,2019-03-31
361,local-authority:WEA,Wealden District Council,WEA,local-authority,local-authority,2025-02-19,,
362,local-authority:WECA,West of England Combined Authority,WECA,local-authority,local-authority,2025-02-19,2017-02-09,
363,local-authority:WEL,Wellingborough Borough Council,WEL,local-authority,local-authority,2025-02-19,1974-04-01,2021-03-31
364,local-authority:WEW,Welwyn Hatfield Borough Council,WEW,local-authority,local-authority,2025-02-19,,
365,local-authority:WEY,Weymouth and Portland Borough Council,WEY,local-authority,local-authority,2025-02-19,,2019-03-31
366,local-authority:WFT,London Borough of Waltham Forest,WFT,local-authority,local-authority,2025-02-19,,
367,local-authority:WGN,Wigan Metropolitan Borough Council,WGN,local-authority,local-authority,2025-02-19,1974-04-01,
368,local-authority:WIL,Wiltshire Council,WIL,local-authority,local-authority,2025-02-19,2009-04-01,
369,local-authority:WIN,Winchester City Council,WIN,local-authority,local-authority,2025-02-19,,
370,local-authority:WKF,Wakefield Metropolitan District Council,WKF,local-authority,local-authority,2025-02-19,1974-04-01,
371,local-authority:WLA,West Lancashire Borough Council,WLA,local-authority,local-authority,2025-02-19,,
372,local-authority:WLI,West Lindsey District Council,WLI,local-authority,local-authority,2025-02-19,,
373,local-authority:WLL,Walsall Metropolitan Borough Council,WLL,local-authority,local-authority,2025-02-19,1974-04-01,
374,local-authority:WLV,City of Wolverhampton Council,WLV,local-authority,local-authority,2025-02-19,1974-04-01,
375,local-authority:WMCA,West Midlands Combined Authority,WMCA,local-authority,local-authority,2025-02-19,2016-06-17,
376,local-authority:WND,London Borough of Wandsworth,WND,local-authority,local-authority,2025-02-19,,
377,local-authority:WNM,Royal Borough of Windsor and Maidenhead,WNM,local-authority,local-authority,2025-02-19,1905-06-20,
378,local-authority:WOC,Worcester City Council,WOC,local-authority,local-authority,2025-02-19,,
379,local-authority:WOI,Woking Borough Council,WOI,local-authority,local-authority,2025-02-19,,
380,local-authority:WOK,Wokingham Borough Council,WOK,local-authority,local-authority,2025-02-19,1905-06-20,
381,local-authority:WOR,Worcestershire County Council,WOR,local-authority,local-authority,2025-02-19,,
382,local-authority:WOT,Worthing Borough Council,WOT,local-authority,local-authority,2025-02-19,1905-06-25,
383,local-authority:WOX,West Oxfordshire District Council,WOX,local-authority,local-authority,2025-02-19,,
384,local-authority:WRL,Wirral Borough Council,WRL,local-authority,local-authority,2025-02-19,1974-04-01,
385,local-authority:WRT,Warrington Borough Council,WRT,local-authority,local-authority,2025-02-19,1905-06-20,
386,local-authority:WSK,West Suffolk Council,WSK,local-authority,local-authority,2025-02-19,2019-04-01,
387,local-authority:WSM,City of Westminster,WSM,local-authority,local-authority,2025-02-19,,
388,local-authority:WSO,West Somerset District Council,WSO,local-authority,local-authority,2025-02-19,,2019-03-31
389,local-authority:WSX,West Sussex County Council,WSX,local-authority,local-authority,2025-02-19,,
390,local-authority:WYC,Wychavon District Council,WYC,local-authority,local-authority,2025-02-19,,
391,local-authority:WYCA,West Yorkshire Combined Authority,WYCA,local-authority,local-authority,2025-02-19,2014-04-01,
392,local-authority:WYE,Wyre Forest District Council,WYE,local-authority,local-authority,2025-02-19,,
393,local-authority:WYO,Wycombe District Council,WYO,local-authority,local-authority,2025-02-19,,2020-03-31
394,local-authority:WYR,Wyre Borough Council,WYR,local-authority,local-authority,2025-02-19,,
395,local-authority:YOR,City of York Council,YOR,local-authority,local-authority,2025-02-19,1905-06-18,
10000,local-authority:CUA,Cumberland Council,CUA,local-authority,local-authority,2025-02-19,2023-04-01,
10001,local-authority:WFUA,Westmorland and Furness Council,WFUA,local-authority,local-authority,2025-02-19,2023-04-01,
10003,local-authority:SUA,Somerset Council,SUA,local-authority,local-authority,2025-02-19,2023-04-01,
10004,local-authority:NYUA,North Yorkshire Council,NYUA,local-authority,local-authority,2025-02-19,2023-04-01,
10005,local-authority:YNYCA,York and North Yorkshire Combined Authority,YNYCA,local-authority,local-authority,2025-02-19,2024-02-01,
10006,local-authority:NNECA,North East Combined Authority,NNECA,local-authority,local-authority,2025-02-19,2024-05-07,
10007,local-authority:EMCCA,East Midlands Combined County Authority,EMCCA,local-authority,local-authority,2025-02-19,2024-02-28,
501908,local-authority:NNUA,North Northamptonshire Council,NNUA,local-authority,local-authority,2025-02-19,2020-04-01,
501909,local-authority:WNUA,West Northamptonshire Council,WNUA,local-authority,local-authority,2025-02-19,2020-04-01,
396,national-park-authority:Q20198711,South Downs National Park Authority,Q20198711,national-park-authority,wikidata,2025-02-19,,
397,national-park-authority:Q27159704,Lake District National Park Authority,Q27159704,national-park-authority,wikidata,2025-02-19,,
398,national-park-authority:Q27178932,Yorkshire Dales National Park Authority,Q27178932,national-park-authority,wikidata,2025-02-19,,
399,national-park-authority:Q4972284,Broads Authority,Q4972284,national-park-authority,wikidata,2025-02-19,1978-01-01,
400,national-park-authority:Q5225646,Dartmoor National Park Authority,Q5225646,national-park-authority,wikidata,2025-02-19,,
401,national-park-authority:Q72617158,New Forest National Park Authority,Q72617158,national-park-authority,wikidata,2025-02-19,,
402,national-park-authority:Q72617669,North York Moors National Park Authority,Q72617669,national-park-authority,wikidata,2025-02-19,,
403,national-park-authority:Q72617784,Exmoor National Park Authority,Q72617784,national-park-authority,wikidata,2025-02-19,,
404,national-park-authority:Q72617890,Northumberland National Park Authority,Q72617890,national-park-authority,wikidata,2025-02-19,,
405,national-park-authority:Q72617988,Peak District National Park Authority,Q72617988,national-park-authority,wikidata,2025-02-19,,
1,development-corporation:Q20648596,Old Oak and Park Royal Development Corporation,Q20648596,development-corporation,wikidata,2025-02-19,2015-04-01,
2,development-corporation:Q4916714,Birmingham Heartlands Development Corporation,Q4916714,development-corporation,wikidata,2025-02-19,1992-01-01,1998-07-01
3,development-corporation:Q6670544,London Legacy Development Corporation,Q6670544,development-corporation,wikidata,2025-02-19,2012-03-09,2024-12-01
4,development-corporation:Q6670837,London Thames Gateway Development Corporation,Q6670837,development-corporation,wikidata,2025-02-19,2004-06-26,2013-01-24
5,development-corporation:Q72456968,South Tees Development Corporation,Q72456968,development-corporation,wikidata,2025-02-19,2017-08-01,
6,development-corporation:Q72463795,Ebbsfleet Development Corporation,Q72463795,development-corporation,wikidata,2025-02-19,2015-04-20,
7,development-corporation:Q7799380,Thurrock Thames Gateway Development Corporation,Q7799380,development-corporation,wikidata,2025-02-19,2003-10-29,2012-04-03
8,development-corporation:Q7860503,Tyne and Wear Development Corporation,Q7860503,development-corporation,wikidata,2025-02-19,1987-05-15,1998-07-01
9,development-corporation:Q7986087,West Northamptonshire Development Corporation,Q7986087,development-corporation,wikidata,2025-02-19,2004-12-15,2014-03-31
600003,development-corporation:Q105544651,Aycliffe and Peterlee Development Corporation,Q105544651,development-corporation,wikidata,2025-02-19,,1988-03-31
600004,development-corporation:Q105544654,Basildon Development Corporation,Q105544654,development-corporation,wikidata,2025-02-19,,1986-03-31
600005,development-corporation:Q5061392,Central Manchester Development Corporation,Q5061392,development-corporation,wikidata,2025-02-19,1988-06-30,1996-07-01
600006,development-corporation:Q3258953,London Docklands Development Corporation,Q3258953,development-corporation,wikidata,2025-02-19,1981-01-01,1998-07-01
600007,development-corporation:Q105544669,Telford Development Corporation,Q105544669,development-corporation,wikidata,2025-02-19,,1990-09-30
4700000,development-corporation:Q7694573,Teesside Development Corporation,Q7694573,development-corporation,wikidata,2025-02-19,1987-05-17,1998-07-01
4700001,development-corporation:Q117149370,Middlesbrough Development Corporation,Q117149370,development-corporation,wikidata,2025-02-19,2023-02-27,
4700002,development-corporation:Q124604981,Hartlepool Development Corporation,Q124604981,development-corporation,wikidata,2025-02-19,2023-02-27,
4700003,development-corporation:Q6515953,Leeds Development Corporation,Q6515953,development-corporation,wikidata,2025-02-19,1988-06-30,1995-04-01
4700004,development-corporation:Q4968888,Bristol Development Corporation,Q4968888,development-corporation,wikidata,2025-02-19,1989-01-19,1995-04-01
4700005,development-corporation:Q5182976,Crawley Development Corporation,Q5182976,development-corporation,wikidata,2025-02-19,1947-02-01,1962-01-01
4700006,development-corporation:Q115585981,Stockport Town Centre West Mayoral Development Corporation,Q115585981,development-corporation,wikidata,2025-02-19,2019-09-02,
4700007,development-corporation:Q3920908,Merseyside Development Development Corporation,Q3920908,development-corporation,wikidata,2025-02-19,1981-01-01,1998-07-01
4700008,development-corporation:Q6861239,Milton Keynes Development Development Corporation,Q6861239,development-corporation,wikidata,2025-02-19,1969-01-01,1992-04-01
4700009,development-corporation:Q7177999,Peterborough Development Development Corporation,Q7177999,development-corporation,wikidata,2025-02-19,1967-07-27,1988-10-01
4700010,development-corporation:Q7205796,Plymouth Development Development Corporation,Q7205796,development-corporation,wikidata,2025-02-19,1993-04-01,1998-07-01
4700011,development-corporation:Q7832579,Trafford Park Development Corporation,Q7832579,development-corporation,wikidata,2025-02-19,1987-02-10,1998-07-01
4700012,development-corporation:stockport-town-centre-MDC,Stockport Town Centre Development Corporation,stockport-town-centre-MDC,development-corporation,wikidata,2026-01-08,,
4700013,development-corporation:northern-gateway-MDC,Northern Gateway Development Corporation,northern-gateway-MDC,development-corporation,wikidata,2026-01-08,,
4700014,development-corporation:old-trafford-MDC,Old Trafford Development Corporation,old-trafford-MDC,development-corporation,wikidata,2026-01-08,,
4700015,development-corporation:Q137717415,Oxford Street Development Corporation,Q137717415,development-corporation,wikidata,2026-01-08,2026-01-01,
10,government-organisation:D303,Office for National Statistics,D303,government-organisation,government-organisation,2024-07-10,1996-04-01,
11,government-organisation:D38,Ordnance Survey,D38,government-organisation,government-organisation,2024-07-10,,
12,government-organisation:D4,"Ministry of Housing, Communities and Local Government",D4,government-organisation,government-organisation,2024-07-10,2006-05-01,2021-09-20
13,government-organisation:D69,HM Land Registry,D69,government-organisation,government-organisation,2024-07-10,1862-01-01,
14,government-organisation:EA39,Planning Inspectorate,EA39,government-organisation,government-organisation,2024-07-10,,
15,government-organisation:EA87,Valuation Office Agency,EA87,government-organisation,government-organisation,2024-07-10,,
16,government-organisation:PB1164,Historic England,PB1164,government-organisation,government-organisation,2024-07-10,1984-01-01,
17,government-organisation:PB1204,Valuation Tribunal for England,PB1204,government-organisation,government-organisation,2024-07-10,,
18,government-organisation:PB1218,Regulator of Social Housing,PB1218,government-organisation,government-organisation,2024-07-10,2018-01-01,
19,government-organisation:PB1232,Homes England,PB1232,government-organisation,government-organisation,2024-07-10,2018-01-01,
20,government-organisation:PB160,Building Regulations Advisory Committee,PB160,government-organisation,government-organisation,2024-07-10,,
21,government-organisation:PB207,Health and Safety Executive,PB207,government-organisation,government-organisation,2024-07-10,,
22,government-organisation:PB372,Housing Ombudsman,PB372,government-organisation,government-organisation,2024-07-10,,
23,government-organisation:PB373,Leasehold Advisory Service,PB373,government-organisation,government-organisation,2024-07-10,,
24,government-organisation:PB375,Valuation Tribunal Service,PB375,government-organisation,government-organisation,2024-07-10,,
25,government-organisation:PC163,Architects Registration Board,PC163,government-organisation,government-organisation,2024-07-10,,
501910,government-organisation:PB202,Natural England,PB202,government-organisation,government-organisation,2024-07-10,2006-10-01,
600001,government-organisation:D1342,"Ministry of Housing, Communities & Local Government",D1342,government-organisation,government-organisation,2024-07-10,2024-07-09,
600002,government-organisation:D7,"Department for Environment, Food & Rural Affairs",D7,government-organisation,government-organisation,2024-07-10,2001-01-01,
600009,government-organisation:EA199,Environment Agency,EA199,government-organisation,government-organisation,2024-07-10,1996-04-01,
600010,government-organisation:D9,Department for Transport,D9,government-organisation,government-organisation,2024-07-10,2002-01-01,
600011,government-organisation:D85,Forestry Commission,D85,government-organisation,government-organisation,2024-07-10,1919-01-01,
600012,government-organisation:D6,Department for Education,D6,government-organisation,government-organisation,2024-07-10,2010-05-12,
408,passenger-transport-executives:Q25171369,West Midlands Passenger Transport Executive,Q25171369,passenger-transport-executive,wikidata,2025-02-19,1969-10-01,2016-06-17
409,passenger-transport-executives:Q6820591,Merseytravel,Q6820591,passenger-transport-executive,wikidata,2025-02-19,1969-12-01,
410,passenger-transport-executives:Q682520,Transport for London,Q682520,passenger-transport-executive,wikidata,2025-02-19,2000-07-03,
411,passenger-transport-executives:Q7569004,South Yorkshire Passenger Transport Executive,Q7569004,passenger-transport-executive,wikidata,2025-02-19,1974-01-01,
412,passenger-transport-executives:Q7834921,Transport for Greater Manchester,Q7834921,passenger-transport-executive,wikidata,2025-02-19,2011-04-01,
413,passenger-transport-executives:Q7860508,Tyne and Wear Passenger Transport Executive,Q7860508,passenger-transport-executive,wikidata,2025-02-19,1974-04-01,
414,passenger-transport-executives:Q7985947,Transport for West Midlands,Q7985947,passenger-transport-executive,wikidata,2025-02-19,1969-10-01,
415,passenger-transport-executives:Q7987043,West Yorkshire Passenger Transport Executive,Q7987043,passenger-transport-executive,wikidata,2025-02-19,1974-01-01,2014-04-01
15300000,passenger-transport-executives:Q54817549,Greater Manchester Passenger Transport Executive,Q54817549,passenger-transport-executive,wikidata,2025-02-19,1974-04-01,2011-04-01
